<?xml version="1.0" encoding="UTF-8"?>
<beans xmlns="http://www.springframework.org/schema/beans"
	xmlns:xsi="http://www.w3.org/2001/XMLSchema-instance"
	xmlns:aop="http://www.springframework.org/schema/aop"
	xmlns:tx="http://www.springframework.org/schema/tx"
	xmlns:context="http://www.springframework.org/schema/context"
	xmlns:mvc="http://www.springframework.org/schema/mvc"
	xsi:schemaLocation="http://www.springframework.org/schema/beans http://www.springframework.org/schema/beans/spring-beans.xsd
           http://www.springframework.org/schema/aop http://www.springframework.org/schema/aop/spring-aop.xsd
           http://www.springframework.org/schema/tx http://www.springframework.org/schema/tx/spring-tx.xsd
           http://www.springframework.org/schema/context http://www.springframework.org/schema/context/spring-context.xsd
           http://www.springframework.org/schema/mvc http://www.springframework.org/schema/mvc/spring-mvc.xsd">
	<!-- 使用扫描机制扫描控制器类，控制器类都在 controller 包及其子包下 -->
	<context:component-scan base-package="com.controller" />
	<mvc:annotation-driven />
	<!-- annotation-driven 用于简化开发的配置， 注解 DefaultAnnotationHandlerMapping AnnotationMethodHandlerAdapter -->
	<!-- 允许css目录下的所有文件可见 -->
	<mvc:resources location="/css/" mapping="/css/**" />
	<!-- html -->
	<mvc:resources location="/html/" mapping="/html/**" />
	<mvc:resources location="/jsp/" mapping="/jsp/**" />
	<mvc:resources location="/js/" mapping="/js/**" />
	<mvc:resources location="/images/" mapping="/images/**" />
	<mvc:resources location="/fonts/" mapping="/fonts/**" />
	<!-- 配置视图解析器ViewResolver -->
	<bean
		class="org.springframework.web.servlet.view.InternalResourceViewResolver"
		id="internalResourceViewResolver">
		<!-- 前缀 -->
		<property name="prefix" value="/WEB-INF/jsp/" />
		<!-- 后缀 -->
		<property name="suffix" value=".jsp"></property>
	</bean>

</beans>
