<?xml version="1.0" encoding="UTF-8"?>
<!DOCTYPE mapper
PUBLIC "-//mybatis.org//DTD Mapper 3.0//EN"
"http://mybatis.org/dtd/mybatis-3-mapper.dtd">
<mapper namespace="com.dao.GoodsDao">

	<select id="selectAllGoods" resultType="Goods">
		select * from goods
	</select>
	
	<!-- 刪除商品 -->
	<delete id="deleteGoods">
		delete from goods where goodsId = #{goodsId } 
	</delete>
	
	<!-- 添加商品 -->
	<insert id="insertGoods">
		insert into goods(goodsName,goodsPrice) values(#{goodsName},#{goodsPrice})
	</insert>
	<!-- 修改商品 -->
	<update id="updateGoods">
	update goods set goodsName=#{goodsName},goodsPrice=#{goodsPrice} where goodsId = #{goodsId}
	</update>
</mapper>