<?xml version="1.0" encoding="UTF-8"?>
<beans xmlns="http://www.springframework.org/schema/beans"
	xmlns:xsi="http://www.w3.org/2001/XMLSchema-instance"
	xmlns:aop="http://www.springframework.org/schema/aop"
	xmlns:tx="http://www.springframework.org/schema/tx"
	xmlns:context="http://www.springframework.org/schema/context"
	xmlns:mvc="http://www.springframework.org/schema/mvc"
	xsi:schemaLocation="http://www.springframework.org/schema/beans http://www.springframework.org/schema/beans/spring-beans.xsd
           http://www.springframework.org/schema/aop http://www.springframework.org/schema/aop/spring-aop.xsd
           http://www.springframework.org/schema/tx http://www.springframework.org/schema/tx/spring-tx.xsd
           http://www.springframework.org/schema/context http://www.springframework.org/schema/context/spring-context.xsd
           http://www.springframework.org/schema/mvc http://www.springframework.org/schema/mvc/spring-mvc.xsd">
	<!-- 指定需要扫描的包，注解生效 -->
	<context:component-scan base-package="com.dao" />
	<context:component-scan base-package="com.controller" />
	<context:component-scan base-package="com.service" />
	<!-- 扫描数据池 -->
	<context:property-placeholder
		location="classpath:jdbc_mysql.properties" ignore-resource-not-found="false" local-override="false"  />
	<!-- 配置数据源 -->
		<bean id="dataSource" class="org.apache.commons.dbcp2.BasicDataSource">
		<!-- Mysql数据库驱动 -->
		<property name="driverClassName" value="${jdbc.driver}" />
		<!-- URL -->
		<property name="url" value="${jdbc.url}" />
		<!-- Username -->
		<property name="username" value="${jdbc.username}" />
		<!-- password -->
		<property name="password" value="${jdbc.password}" />
		<!-- 最大链接数 -->
		<property name="maxTotal" value="30" />
		<!-- 最大空闲链接数 -->
		<property name="maxIdle" value="10" />
		<!-- 初始化连接数 -->
		<property name="initialSize" value="5" />
		</bean>

	<!-- 为数据源添加事物管理器 -->
	<bean id="txManager"
		class="org.springframework.jdbc.datasource.DataSourceTransactionManager">
		<property name="dataSource" ref="dataSource"></property>
	</bean>
	
	<!-- 开启事物注解 -->
	<tx:annotation-driven transaction-manager="txManager"/>
	
	<!-- 配置Mybatis工厂，同时指定数据源，并与Mybatis完美整合 -->
	<bean id="sqlSessionFactory" class="org.mybatis.spring.SqlSessionFactoryBean">
		<property name="dataSource" ref="dataSource" />
		<!--configLocation 的属性值为 MyBatis 的核心配置文件  -->
		<property name="configLocation" value="classpath:com/mybatis/mybatis-config.xml" />
	</bean>
	
	<!-- Mapper 代理开发，使用 Spring 自动扫描 MyBatis的接口并装配
	(Spring 将指定包中所有被@Mapper 注解标注的接口自动装配为 MyBatis 的映射接口 -->
	<bean class="org.mybatis.spring.mapper.MapperScannerConfigurer">
		<!-- mybatis-spring组件的扫描器 -->
		<property name="basePackage" value="com.dao" />
		<property name="sqlSessionFactoryBeanName" value="sqlSessionFactory" />
	</bean>
	<context:component-scan base-package="com.service"></context:component-scan>
</beans>
